,ID,fq,comp,A,B,C,TMIN,TMAX
0,999,H20,WATER,8.07131,1730.63,233.426,1,100.0
1,998,H20,WATER,8.14019,1810.94,244.485,99,374.0
2,1,CCL4,CARBON-TETRACHLORIDE,6.8941,1219.58,227.17,-20,101.0
3,2,CCL3F,TRICHLOROFLUOROMETHANE,6.8843,1043.01,236.86,-33,27.0
4,3,CCL2F2,DICHLORODIFLUOROMETHANE,6.68619,782.072,235.377,-119,-30.0
5,4,CCLF3,CHLOROTRIFLUOROMETHANE,6.35109,522.061,231.677,-150,-81.0
6,5,CF4,CARBON-TETRAFLUORIDE,6.9723,540.5,260.1,-180,-125.0
7,6,CO,CARBON-MONOXIDE,6.2402,230.27,260.01,-210,-165.0
8,7,CO2,CARBON-DIOXIDE,9.8106,1347.79,273.0,-119,-69.0
9,8,COS,CARBONYL-SULFIDE,6.90723,804.48,250.0,-111,-49.0
10,9,CS2,CARBON-DISULFIDE,6.9419,1168.62,241.54,-45,69.0
11,10,CHCL3,CHLOROFORM,6.9371,1171.2,227.0,-13,97.0
12,11,CHCL2F,DICHLOROFLUOROMETHANE,6.97575,996.267,234.172,-91,9.0
13,12,CHCLF2,CHLORODIFLUOROMETHANE,6.7577,740.39,231.86,-48,-33.0
14,13,CHF3,TRIFLUOROMETHANE,7.0886,705.33,249.78,-128,-82.0
15,14,CHI3,TRIIODOMETHANE,6.59598,1567.8,204.0,137,254.0
16,16,CH2CL2,DICHLOROMETHANE,7.0803,1138.91,231.46,-44,59.0
17,17,CH2CLF,CHLOROFLUOROMETHANE,6.20452,740.39,231.86,-55,12.0
18,18,CH2F2,DIFLUOROMETHANE,7.1389,821.7,244.7,-82,-32.0
19,19,CH2I2,DIIODOMETHANE,6.94246,1567.8,204.0,83,232.0
20,20,CH2O,FORMALDEHYDE,7.1561,957.24,243.01,-88,-2.0
21,21,CH2O2,FORMIC-ACID,7.3779,1563.28,247.07,-2,136.0
22,22,CH3BR,BROMOMETHANE,6.9597,986.59,238.33,-58,53.0
23,23,CH3CL,CHLOROMETHANE,6.9944,902.45,243.61,-93,-7.0
24,24,CH3F,FLUOROMETHANE,7.0976,740.22,253.89,-132,-64.0
25,25,CH3I,IODOMETHANE,6.988,1146.34,236.66,-13,52.0
26,26,CH3NO2,NITROMETHANE,7.044,1291.0,209.01,5,136.0
27,29,CH4,METHANE,6.69561,405.42,267.777,-181,-152.0
28,30,CH4O,METHANOL,8.0724,1574.99,238.87,-16,91.0
29,31,CH4S,METHANETHIOL,7.03163,1015.547,238.706,-70,25.0
30,32,CH5N,METHYLAMINE,7.4969,1079.15,240.24,-61,38.0
31,33,C2CL4,TETRACHLOROETHENE,7.02,1415.49,221.01,34,187.0
32,34,C2CL6,HEXACHLOROETHANE,7.08633,1626.945,197.048,33,186.0
33,35,C2CL3F3,112TRICHLOROTRIFLUOROETHANE,6.8803,1099.9,227.5,-25,83.0
34,36,C2CL2F4,12DICHLOROTETRAFLUOROETHANE,6.87084,942.336,232.632,-95,4.0
35,37,C2CLF5,CHLOROPENTAFLUOROETHANE,6.8333,802.97,242.28,-98,-43.0
36,38,C2F4,TETRAFLUOROETHENE,6.8966,683.84,245.94,-133,-63.0
37,39,C2F6,HEXAFLUOROETHANE,6.7933,657.06,246.22,-103,-73.0
38,40,C2N2,CYANOGEN,6.43629,576.579,182.308,-77,-4.0
39,41,C2HCL3,TRICHLOROETHENE,7.0281,1315.1,230.01,-13,127.0
40,42,C2HCL5,PENTACHLOROETHANE,6.74,1378.0,197.0,25,162.0
41,43,C2HF3,TRIFLUOROETHENE,5.68715,491.359,227.23,-93,-31.0
42,44,C2H2,ACETYLENE(ETHYNE),9.1402,1232.6,280.9,-129,-83.0
43,45,C2H2CL2,"1,1-DICHLOROETHENE",6.9722,1099.4,237.2,-28,32.0
44,46,C2H2CL2,"CIS-1,2-DICHLOROETHENE",7.0223,1205.4,230.6,0,84.0
45,47,C2H2CL2,"TRANS-1,2-DICHLOROETHENE",6.9651,1141.9,231.9,-38,85.0
46,48,C2H2CL4,"1,1,2,2-TETRACHLOROETHANE",6.6317,1228.1,179.9,25,130.0
47,49,C2H2F2,"1,1-DIFLUOROETHENE",6.34918,491.359,227.239,-140,-86.0
48,50,C2H2F2,"CIS-1,2-DIFLUOROETHENE",5.31401,491.359,227.23,-78,2.6
49,51,C2H2F2,"TRANS-1,2-DIFLUOROETHENE",5.31401,491.359,227.23,-78,2.6
50,52,C2H2O,KETENE,6.9573,803.1,238.01,-103,-18.0
51,53,C2H3BR,BROMOETHYLENE,7.24379,1219.308,264.021,-88,16.0
52,54,C2H3CL,CHLOROETHENE,6.4971,783.4,230.01,-88,17.0
53,55,C2H3CL3,"1,1,2-TRICHLOROETHANE",6.9653,1351.0,217.0,29,155.0
54,56,C2H3CLO,ACETYL-CHLORIDE,6.8407,1062.86,217.63,-36,82.0
55,57,C2H3F,FLUOROETHENE,6.33949,593.551,243.111,-149,-72.0
56,58,C2H3F3,"1,1,1-TRIFLUOROETHANE",6.9038,788.21,243.24,-3,27.0
57,59,C2H3N,ACETONITRILE,7.0735,1279.2,224.01,-13,117.0
58,60,C2H4,ETHYLENE,6.74756,585.0,255.0,-153,-91.0
59,61,C2H4BR2,"1,2-DIBROMOETHANE",6.72148,1280.82,201.75,52,131.0
60,62,C2H4CL2,"1,1-DICHLOROETHANE",6.9853,1171.42,228.13,-31,79.0
61,63,C2H4CL2,"1,2-DICHLOROETHANE",7.0253,1271.25,222.94,-33,100.0
62,64,C2H4F2,"1,1-DIFLUOROETHANE",7.03,910.0,244.0,-35,0.0
63,65,C2H4I2,"1,2-DIIODOETHANE",6.98834,1647.1,201.0,98,253.0
64,66,C2H4O,ETHYLENE-OXIDE,7.2701,1115.1,244.15,-73,37.0
65,67,C2H4O,ACETALDEHYDE,7.0565,1070.6,236.01,-63,47.0
66,68,C2H4O2,ACETIC-ACID,7.2996,1479.02,216.82,17,157.0
67,69,C2H4O2,METHYL-FORMATE,7.1704,1125.2,230.56,-48,51.0
68,70,C2H4OS,THIOACETIC-ACID,7.74889,1479.02,216.82,40,106.0
69,71,C2H4S,THIACYCLOPROPANE,7.03725,1194.37,232.42,-35,77.0
70,72,C2H5BR,BROMOETHANE,6.92,1090.81,231.72,-47,60.0
71,73,C2H5CL,CHLOROETHANE,6.94,1012.78,236.68,-73,37.0
72,74,C2H5F,FLUOROETHANE,6.9785,854.21,246.16,-103,-21.0
73,75,C2H5I,IODOETHANE,6.959,1232.0,229.0,30,60.0
74,76,C2H5N,ETHYLENIMINE,7.1323,1133.7,210.01,-25,86.0
75,77,C2H5NO2,NITROETHANE,7.58777,1671.266,241.187,-21,114.0
76,78,C2H5NO3,ETHYL-NITRATE,7.1637,1338.8,224.9,0,60.0
77,79,C2H6,ETHANE,6.83452,663.7,256.47,-143,-75.0
78,80,C2H6O,METHYL-ETHER,7.3164,1025.56,256.06,-94,-8.0
79,81,C2H6O,ETHANOL,8.2133,1652.05,231.48,-3,96.0
80,82,C2H6O2,ETHYLENE-GLYCOL,8.7945,2615.4,244.91,91,221.0
81,83,C2H6S,METHYL-SULFIDE,6.94879,1090.755,230.799,-47,58.0
82,84,C2H6S,ETHANETHIOL,6.95206,1084.531,231.385,-49,56.0
83,85,C2H6S2,METHYL-DISULFIDE,6.97792,1346.342,218.863,6,135.0
84,86,C2H7N,ETHYLAMINE,7.3862,1137.3,235.86,-58,43.0
85,87,C2H7N,DIMETHYLAMINE,7.0639,1024.4,238.01,-55,37.0
86,88,C3H3N,ACRYLONITRILE,6.9163,1208.3,222.01,-18,112.0
87,89,C3H4,ALLENE(PROPADIENE),5.7137,458.06,196.07,-99,-16.0
88,90,C3H4,PROPYNE(METHYLACETYLENE),6.78485,803.73,229.08,-90,-6.0
89,91,C3H4O2,ACRYLIC-ACID,7.1926,1441.5,193.01,42,177.0
90,92,C3H5BR,3-BROMO-1-PROPENE,7.05187,1259.83,232.04,17,93.0
91,93,C3H5CL,3-CHLORO-1-PROPENE,6.9388,1099.6,226.01,-43,77.0
92,94,C3H5CL3,"1,2,3-TRICHLOROPROPANE",7.0028,1484.1,204.01,42,197.0
93,95,C3H5I,3-IODO-1-PROPENE,6.9693,1316.5,220.0,20,142.0
94,96,C3H5N,PROPIONITRILE,6.9301,1277.2,218.01,-3,132.0
95,97,C3H6,PROPENE,6.8196,785.0,247.0,-112,-32.0
96,98,C3H6,CYCLOPROPANE,6.8879,856.01,246.51,-93,-28.0
97,99,C3H6BR2,"1,2-DIBROMOPROPANE",6.89105,1419.6,212.0,50,250.0
98,100,C3H6CL2,"1,2-DICHLOROPROPANE",6.9654,1296.4,221.0,15,135.0
99,101,C3H6CL2,"1,3-DICHLOROPROPANE",6.97186,1376.2,216.0,34,162.0
100,102,C3H6CL2,"2,2-DICHLOROPROPANE",6.9482,1201.1,226.0,-6,105.0
101,103,C3H6I2,"1,2-DIIODOPROPANE",6.0765,1507.41,244.7,125,275.0
102,104,C3H6O,PROPYLENE-OXIDE,6.6546,915.31,208.29,-48,67.0
103,105,C3H6O,ALLYL-ALCOHOL,7.3424,1271.7,188.01,13,127.0
104,106,C3H6O,PROPIONALDEHYDE,7.0493,1154.8,229.01,-38,77.0
105,107,C3H6O,ACETONE,7.2316,1277.03,237.23,-32,77.0
106,108,C3H6S,THIACYCLOBUTANE,7.01667,1321.331,224.513,-5,120.0
107,109,C3H7BR,1-BROMOPROPANE,7.03766,1259.836,232.042,-53,71.0
108,110,C3H7BR,2-BROMOPROPANE,7.00463,1223.475,236.508,-62,60.0
109,111,C3H7CL,1-CHLOROPROPANE,6.9311,1121.12,230.21,-43,77.0
110,112,C3H7CL,2-CHLOROPROPANE,6.9654,1081.6,230.01,-48,67.0
111,113,C3H7F,1-FLUOROPROPANE,6.9533,965.18,239.5,-70,30.0
112,114,C3H7F,2-FLUOROPROPANE,7.07451,965.18,239.5,-49,8.0
113,115,C3H7I,1-IODOPROPANE,7.22121,1507.41,244.701,-36,103.0
114,116,C3H7I,2-IODOPROPANE,7.0167,1340.448,234.365,-43,90.0
115,117,C3H7NO2,1-NITROPROPANE,7.1146,1467.45,215.23,59,131.0
116,118,C3H7NO2,2-NITROPROPANE,7.48654,1664.036,240.995,-19,120.0
117,119,C3H7NO3,PROPYL-NITRATE,7.73719,1721.723,245.49,0,70.0
118,120,C3H7NO3,ISOPROPYL-NITRATE,6.42006,1018.568,183.528,0,70.0
119,121,C3H8,PROPANE,6.80398,803.81,246.99,-108,-25.0
120,122,C3H8O,ETHYL-METHYL-ETHER,5.8819,504.49,160.76,-68,37.0
121,123,C3H8O,1-PROPANOL,7.6192,1375.14,193.01,12,127.0
122,124,C3H8O,ISOPROPANOL,8.1182,1580.92,219.62,0,101.0
123,125,C3H8S,ETHYL-METHYL-SULFIDE,6.93849,1182.562,224.784,-26,90.0
124,126,C3H8S,1-PROPANETHIOL,6.92846,1183.307,224.624,-25,91.0
125,127,C3H8S,2-PROPANETHIOL,6.87734,1113.895,226.157,-37,75.0
126,128,C3H9N,PROPYLAMINE,6.9468,1108.2,224.01,-38,77.0
127,129,C3H9N,TRIMETHYLAMINE,6.9704,968.7,234.01,-58,32.0
128,130,C4F8,OCTAFLUOROCYCLOBUTANE,6.8153,862.49,225.15,-32,1.0
129,131,C4H2,BUTADIYNE(BIACETYLENE),5.51917,460.684,164.594,-78,0.0
130,132,C4H4,1BUTEN3YNE(VINYLACETYLENE),6.953,957.0,230.01,-73,32.0
131,133,C4H4O,FURAN,6.9753,1060.85,227.75,-35,90.0
132,134,C4H4S,THIOPHENE,6.95926,1246.02,221.35,-12,108.0
133,135,C4H6,"1,2-BUTADIENE",6.99383,1041.117,242.274,-26,30.0
134,136,C4H6,"1,3-BUTADIENE",6.84999,930.546,238.854,-58,14.0
135,137,C4H6,1-BUTYNE(ETHYLACETYLENE),6.98198,988.75,233.01,-68,27.0
136,138,C4H6,2-BUTYNE(DIMETHYLACETYLENE),7.07338,1101.71,235.81,-30,47.0
137,139,C4H6,CYCLOBUTENE,6.95769,1009.32,244.986,-77,2.0
138,140,C4H6O3,ACETIC-ANHYDRIDE,7.1216,1427.77,198.05,35,164.0
139,141,C4H7N,BUTYRONITRILE,7.0396,1390.7,217.0,34,160.0
140,142,C4H7N,ISOBUTYRONITRILE,7.21591,1390.7,217.0,49,127.0
141,143,C4H8,1-BUTENE,6.8429,926.1,240.0,-81,13.0
142,144,C4H8,"2-BUTENE,CIS",6.86926,960.1,237.0,-73,23.0
143,145,C4H8,"2-BUTENE,TRANS",6.86952,960.8,240.0,-76,20.0
144,146,C4H8,2-METHYLPROPENE,6.84134,923.2,240.0,-82,12.0
145,147,C4H8,CYCLOBUTANE,6.9163,1024.54,241.38,-73,17.0
146,148,C4H8BR2,"1,2-DIBROMOBUTANE",7.25696,1759.076,235.009,8,166.0
147,149,C4H8BR2,"2,3-DIBROMOBUTANE",7.20023,1691.481,230.223,5,161.0
148,150,C4H8I2,"1,2-DIIODOBUTANE",6.2433,1507.41,244.7,110,246.0
149,151,C4H8O,BUTYRALDEHYDE,7.0212,1233.0,223.01,-18,107.0
150,152,C4H8O,2-BUTANONE,7.2087,1368.21,236.51,-16,103.0
151,153,C4H8O2,P-DIOXANE,7.0063,1288.5,211.01,2,137.0
152,154,C4H8O2,ETHYL-ACETATE,7.0146,1211.9,216.01,-13,112.0
153,155,C4H8S,THIACYCLOPENTANE,6.9954,1401.939,219.607,14,147.0
154,156,C4H9BR,1-BROMOBUTANE,6.92254,1298.608,219.7,19,141.0
155,157,C4H9BR,2-BROMOBUTANE,6.82724,1229.08,220.0,10,146.0
156,158,C4H9BR,2-BROMO-2-METHYLPROPANE,6.6685,1129.7,225.0,-7,110.0
157,159,C4H9CL,1-CHLOROBUTANE,6.9379,1227.43,224.11,-18,112.0
158,160,C4H9CL,2-CHLOROBUTANE,6.9447,1195.8,226.01,-23,102.0
159,161,C4H9CL,1-CHLORO-2-METHYLPROPANE,6.95304,1205.079,227.046,-54,69.0
160,162,C4H9CL,2-CHLORO-2-METHYLPROPANE,6.8671,1114.9,229.01,-38,87.0
161,163,C4H9I,2-IODO-2-METHYLPROPANE,7.2539,1507.41,244.7,42,124.0
162,164,C4H9N,PYRROLIDINE,6.9246,1179.99,205.26,27,127.0
163,165,C4H9NO2,1-NITROBUTANE,6.86715,1467.45,215.23,86,182.0
164,166,C4H9NO2,2-NITROBUTANE,7.25197,1664.03,240.99,75,167.0
165,167,C4H10,BUTANE,6.80896,935.86,238.73,-78,19.0
166,168,C4H10,2-METHYLPROPANE(ISOBUTANE),6.91048,946.35,246.68,-87,7.0
167,169,C4H10O,ETHYL-ETHER,6.92032,1064.07,228.8,-61,20.0
168,170,C4H10O,METHYL-PROPYL-ETHER,6.1186,708.69,179.9,0,39.0
169,171,C4H10O,METHYL-ISOPROPYL-ETHER,6.24495,708.69,179.9,-12,51.0
170,172,C4H10O,1-BUTANOL,7.4768,1362.39,178.73,15,131.0
171,173,C4H10O,SEC-BUTYL-ALCOHOL,7.4743,1314.19,186.51,25,120.0
172,174,C4H10O,TERT-BUTYL-ALCOHOL,7.3199,1154.48,177.66,20,103.0
173,175,C4H10S,ETHYLSULFIDE,6.92836,1257.833,218.662,-6,117.0
174,176,C4H10S,ISOPROPYL-METHYL-SULFIDE,6.90196,1232.17,221.67,-13,109.0
175,177,C4H10S,METHYL-PROPYL-SULFIDE,6.95545,1284.32,219.66,-4,120.0
176,178,C4H10S,1-BUTANETHIOL,6.92754,1281.018,218.1,-2,123.0
177,179,C4H10S,2-BUTANETHIOL,6.88698,1229.904,222.021,-13,109.0
178,180,C4H10S,2-METHYL-1-PROPANETHIOL,6.88746,1237.282,220.313,-10,113.0
179,181,C4H10S,2-METHYL-2-PROPANETHIOL,6.78781,1115.565,221.314,1,87.0
180,182,C4H10S2,ETHYL-DISULFIDE,6.97507,1485.97,208.958,40,182.0
181,183,C4H11N,BUTYLAMINE,7.213,1308.4,224.2,-14,100.0
182,184,C4H11N,SEC-BUTYLAMINE,7.15069,1238.3,227.0,-9,98.0
183,185,C4H11N,TERT-BUTYLAMINE,6.78309,993.262,210.493,19,75.0
184,186,C4H11N,DIETHYLAMINE,6.9724,1127.0,220.01,-31,77.0
185,187,C5H5N,PYRIDINE,6.9882,1344.2,212.01,12,152.0
186,188,C5H6S,2-METHYLTHIOPHENE,6.93897,1326.48,214.31,9,138.0
187,189,C5H6S,3-METHYLTHIOPHENE,6.98611,1363.84,216.78,11,141.0
188,190,C5H8,"1,2-PENTADIENE",6.9182,1104.991,228.851,-20,66.0
189,191,C5H8,"1,3-PENTADIENE,CIS",6.91089,1101.923,229.367,-17,65.0
190,192,C5H8,"1,3-PENTADIENE,TRANS",6.91317,1103.84,231.724,-16,63.0
191,193,C5H8,"1,4-PENTADIENE",6.83543,1017.995,231.461,-33,46.0
192,194,C5H8,"2,3-PENTADIENE",6.96216,1126.837,227.841,-13,69.0
193,195,C5H8,"3-METHYL-1,2-BUTADIENE",6.9435,1103.901,230.89,-20,62.0
194,196,C5H8,"2-METHYL-1,3-BUTADIENE",6.88564,1071.578,233.513,-18,55.0
195,197,C5H8,1-PENTYNE,6.9673,1092.52,227.19,-43,62.0
196,198,C5H8,2-PENTYNE,7.04614,1189.87,229.6,-33,78.0
197,199,C5H8,3-METHYL-1-BUTYNE,6.8848,1014.81,227.11,-55,47.0
198,200,C5H8,CYCLOPENTENE,6.9207,1121.81,233.46,-29,105.0
199,201,C5H8,SPIROPENTANE,6.917,1090.08,231.1,3,71.0
200,202,C5H10,1-PENTENE,6.8465,1044.895,233.516,-55,51.0
201,203,C5H10,"2-PENTENE,CIS",6.87274,1067.951,230.585,-49,58.0
202,204,C5H10,"2-PENTENE,TRANS",6.90575,1083.987,232.965,-49,58.0
203,205,C5H10,2-METHYL-1-BUTENE,6.87314,1053.78,232.788,-53,52.0
204,206,C5H10,3-METHYL-1-BUTENE,6.82618,1013.474,236.816,-63,41.0
205,207,C5H10,2-METHYL-2-BUTENE,6.91562,1095.088,232.842,-48,60.0
206,208,C5H10,CYCLOPENTANE,6.88676,1124.162,231.361,-40,72.0
207,209,C5H10BR2,"2,3-DIBROMO-2-METHYLBUTANE",7.36735,1695.9,207.0,81,218.0
208,210,C5H10O,VALERALDEHYDE,7.0192,1316.0,215.01,4,139.0
209,211,C5H10O,2-PENTANONE,6.95,1274.6,210.91,2,137.0
210,212,C5H10S,THIACYCLOHEXANE,6.90518,1422.47,211.72,29,170.0
211,213,C5H10S,CYCLOPENTANETHIOL,6.91497,1388.63,212.05,81,173.0
212,214,C5H11BR,1-BROMOPENTANE,6.9558,1401.634,214.38,41,173.0
213,215,C5H11CL,1-CHLOROPENTANE,6.96617,1332.89,218.5,24,148.0
214,216,C5H11CL,1-CHLORO-3-METHYLBUTANE,6.79527,1258.5,223.0,39,124.0
215,217,C5H11CL,2-CHLORO-2-METHYLBUTANE,6.95902,1258.5,223.0,7,123.0
216,218,C5H12,PENTANE,6.87632,1075.78,233.205,-50,58.0
217,219,C5H12,2-METHYLBUTANE(ISOPENTANE),6.83315,1040.73,235.445,-57,49.0
218,220,C5H12,"2,2-DIMETHYPROPANE",6.60427,883.42,227.782,-13,29.0
219,221,C5H12O,METHYL-TERT-BUTYL-ETHER,5.896,708.69,179.9,2,80.0
220,222,C5H12O,1-PENTANOL,7.1776,1314.56,168.16,37,138.0
221,223,C5H12O,TERT-PENTYL-ALCOHOL,7.8753,1604.7,208.16,55,133.0
222,224,C5H12S,BUTYL-METHYL-SULFIDE,6.94583,1363.808,212.074,17,150.0
223,225,C5H12S,ETHYL-PROPYL-SULFIDE,6.9338,1341.57,212.51,14,145.0
224,226,C5H12S,2-METHYL-2-BUTANETHIOL,6.82837,1254.885,218.759,-3,125.0
225,227,C5H12S,1-PENTANETHIOL,6.93311,1369.479,211.314,20,153.0
226,228,C6CL6,HEXACHLOROBENZENE,9.78602,4597.57,355.961,114,309.0
227,229,C6F6,HEXAFLUOROBENZENE,7.033,1227.98,215.5,-3,117.0
228,230,C6H4CL2,O-DICHLOROBENZENE,7.0703,1649.55,213.32,58,210.0
229,231,C6H4CL2,M-DICHLOROBENZENE,7.3037,1782.4,230.01,53,202.0
230,232,C6H4CL2,P-DICHLOROBENZENE,6.998,1575.11,208.52,54,204.0
231,233,C6H4F2,M-DIFLUOROBENZENE,7.06582,1310.27,222.58,36,114.0
232,234,C6H4F2,O-DIFLUOROBENZENE,7.02031,1310.271,222.587,31,130.0
233,235,C6H4F2,P-DIFLUOROBENZENE,7.08812,1310.27,222.58,34,112.0
234,236,C6H5BR,BROMOBENZENE,6.8606,1438.82,205.45,47,177.0
235,237,C6H5CL,CHLOROBENZENE,6.9781,1431.05,217.56,47,147.0
236,238,C6H5F,FLUOROBENZENE,7.187,1381.83,235.57,-23,97.0
237,239,C6H5I,IODOBENZENE,7.0119,1640.13,208.78,17,197.0
238,240,C6H6,BENZENE,6.90565,1211.033,220.79,-16,104.0
239,241,C6H6O,PHENOL,7.1345,1516.07,174.57,72,208.0
240,242,C6H6S,BENZENETHIOL,6.99019,1529.454,203.048,52,198.0
241,243,C6H7N,2-PICOLINE,7.0324,1415.73,211.58,79,169.0
242,244,C6H7N,3-PICOLINE,7.0502,1481.77,211.21,74,185.0
243,245,C6H7N,ANILINE,7.2418,1675.3,200.01,67,227.0
244,246,C6H10,1-HEXYNE,6.91212,1194.6,225.0,-8,118.0
245,247,C6H10,CYCLOHEXENE,6.8724,1221.9,223.18,27,87.0
246,248,C6H10,1-METHYLCYCLOPENTENE,6.86884,1199.6,225.0,-5,130.0
247,249,C6H10,3-METHYLCYCLOPENTENE,6.87259,1165.6,227.0,-10,119.0
248,250,C6H10,4-METHYLCYCLOPENTENE,6.87015,1197.6,225.0,-2,130.0
249,251,C6H10O,CYCLOHEXANONE,6.97851,1495.58,209.559,90,166.0
250,252,C6H12,1-HEXENE,6.86572,1152.971,225.849,-29,87.0
251,253,C6H12,"2-HEXENE,CIS",7.03805,1258.571,233.851,-25,92.0
252,254,C6H12,"2-HEXENE,TRANS",6.89342,1173.343,224.53,-25,91.0
253,255,C6H12,"3-HEXENE,CIS",6.87854,1164.134,224.749,-27,90.0
254,256,C6H12,"3-HEXENE,TRANS",6.9178,1180.707,225.384,-26,90.0
255,257,C6H12,2-METHYL-1-PENTENE,6.8503,1138.516,224.704,-30,85.0
256,258,C6H12,3-METHYL-1-PENTENE,6.75523,1086.316,226.204,-37,77.0
257,259,C6H12,4-METHYL-1-PENTENE,6.83529,1121.302,229.687,-38,77.0
258,260,C6H12,2-METHYL-2-PENTENE,6.92367,1183.837,225.514,-26,90.0
259,261,C6H12,"3-METHYL-2-PENTENE,CIS",6.91073,1186.402,226.696,-26,91.0
260,262,C6H12,"3-METHYL-2-PENTENE,TRANS",6.92634,1194.527,224.833,-23,94.0
261,263,C6H12,"4-METHYL-2-PENTENE,CIS",6.84129,1120.707,226.586,-35,79.0
262,264,C6H12,"4-METHYL-2-PENTENE,TRANS",6.8803,1142.874,227.143,-33,81.0
263,265,C6H12,2-ETHYL-1-BUTENE,6.99712,1218.352,231.3,-28,88.0
264,266,C6H12,"2,3-DIMETHYL-1-BUTENE",6.86236,1134.675,229.367,-36,78.0
265,267,C6H12,"3,3-DIMETHYL-1-BUTENE",6.67751,1010.516,224.909,-47,64.0
266,268,C6H12,"2,3-DIMETHYL-2-BUTENE",6.95058,1215.428,225.443,-21,97.0
267,269,C6H12,CYCLOHEXANE,6.8413,1201.531,222.647,6,105.0
268,270,C6H12,METHYLCYCLOPENTANE,6.86283,1186.059,226.042,-24,96.0
269,271,C6H12O,CYCLOHEXANOL,6.2553,912.87,109.13,94,161.0
270,272,C6H12O,HEXANAL,6.71442,1316.0,215.01,64,156.0
271,273,C6H12S,THIACYCLOHEPTANE,6.90523,1422.47,211.72,78,169.0
272,274,C6H14,HEXANE,6.87024,1168.72,224.21,-25,92.0
273,275,C6H14,2-METHYLPENTANE,6.8391,1135.41,226.572,-32,83.0
274,276,C6H14,3-METHYLPENTANE,6.81887,1152.368,227.129,-29,89.0
275,277,C6H14,"2,2-DIMETHYLBUTANE",6.75483,1081.176,229.343,-41,73.0
276,278,C6H14,"2,3-DIMETHYLBUTANE",6.80983,1127.187,228.9,-35,81.0
277,279,C6H14O,PROPYL-ETHER,6.9476,1256.5,219.0,26,89.0
278,280,C6H14O,ISOPROPYL-ETHER,7.0971,1257.6,230.01,-24,91.0
279,281,C6H14O,1-HEXANOL,7.8604,1761.26,196.67,35,157.0
280,282,C6H14S,BUTYL-ETHYL-SULFIDE,6.94102,1421.32,205.81,33,172.0
281,283,C6H14S,ISOPROPYL-SULFIDE,6.87118,1327.12,212.55,13,147.0
282,284,C6H14S,METHYL-PENTYL-SULFIDE,7.11609,1413.44,205.73,70,153.0
283,285,C6H14S,PROPYL-SULFIDE,6.93577,1413.44,205.73,32,170.0
284,286,C6H14S,1-HEXANETHIOL,6.94664,1454.004,204.954,40,181.0
285,287,C6H14S2,PROPYL-DISULFIDE,6.97529,1603.793,195.848,73,226.0
286,288,C6H15N,TRIETHYLAMINE,6.8989,1251.8,222.01,-13,127.0
287,289,C7H5F3,"A,A,A-TRIFLUOROTOLUENE",6.97045,1306.35,217.38,55,139.0
288,290,C7H5N,BENZONITRILE,7.72911,2110.572,244.819,28,191.0
289,291,C7H6O2,BENZOIC-ACID,7.454,1820.0,147.96,132,287.0
290,292,C7H7F,P-FLUOROTOLUENE,6.99426,1374.055,217.4,68,155.0
291,293,C7H8,TOLUENE,6.95464,1344.8,219.482,6,136.0
292,294,C7H8,"1,3,5-CYCLOHEPTATRIENE",6.97433,1376.84,220.75,0,65.0
293,295,C7H8O,M-CRESOL,7.508,1856.36,199.07,97,207.0
294,296,C7H8O,O-CRESOL,6.9117,1435.5,165.16,97,207.0
295,297,C7H8O,P-CRESOL,7.0351,1511.08,161.86,97,207.0
296,298,C7H12,1-HEPTYNE,6.68593,1216.6,220.0,14,142.0
297,299,C7H14,1-HEPTENE,6.90069,1257.505,219.179,-6,118.0
298,300,C7H14,CYCLOHEPTANE,6.8539,1331.57,216.36,57,162.0
299,301,C7H14,ETHYLCYCLOPENTANE,6.88709,1298.599,220.675,-3,129.0
300,302,C7H14,"1,1-DIMETHYLCYCLOPENTANE",6.81724,1219.474,221.946,-12,113.0
301,303,C7H14,"C-1,2-DIMETHYLCYCLOPENTANE",6.85008,1269.14,220.209,-3,125.0
302,304,C7H14,"T-1,2-DIMETHYLCYCLOPENTANE",6.84422,1242.748,221.686,-9,117.0
303,305,C7H14,"C-1,3-DIMETHYLCYCLOPENTANE",6.83715,1237.456,222.005,-10,116.0
304,306,C7H14,"T-1,3-DIMETHYLCYCLOPENTANE",6.83817,1240.023,221.621,-9,117.0
305,307,C7H14,METHYLCYCLOHEXANE,6.823,1270.763,221.416,-3,127.0
306,308,C7H14O,HEPTANAL,5.47587,686.453,111.817,12,155.0
307,309,C7H16,N-HEPTANE,6.89385,1264.37,216.636,-2,123.0
308,310,C7H16,2-METHYLHEXANE,6.87318,1236.026,219.545,-9,115.0
309,311,C7H16,3-METHYLHEXANE,6.86764,1240.196,219.223,-8,117.0
310,312,C7H16,3-ETHYLPENTANE,6.87564,1251.827,219.887,-7,118.0
311,313,C7H16,"2,2-DIMETHYLPENTANE",6.8148,1190.033,223.303,-19,104.0
312,314,C7H16,"2,3-DIMETHYLPENTANE",6.85382,1238.017,221.823,-10,115.0
313,315,C7H16,"2,4-DIMETHYLPENTANE",6.82621,1192.041,221.634,-17,105.0
314,316,C7H16,"3,3-DIMETHYLPENTANE",6.82667,1228.663,225.316,-14,111.0
315,317,C7H16,"2,2,3-TRIMETHYLBUTANE",6.7923,1200.563,226.05,-19,106.0
316,318,C7H16O,ISOPROPYL-TERT-BUTYL-ETHER,6.62913,1257.6,230.01,41,134.0
317,319,C7H16O,1-HEPTANOL,6.6476,1140.64,126.56,60,176.0
318,320,C7H16S,BUTYL-PROPYL-SULFIDE,6.65279,1421.32,205.81,99,203.0
319,321,C7H16S,ETHYL-PENTYL-SULFIDE,6.65279,1421.32,205.81,99,203.0
320,322,C7H16S,HEXYL-METHYL-SULFIDE,6.65279,1421.32,205.81,99,203.0
321,323,C7H16S,1-HEPTANETHIOL,6.95249,1525.311,197.696,59,206.0
322,324,C8H6,ETHYNYLBENZENE,6.957,1445.58,209.44,82,172.0
323,325,C8H8,STYRENE,6.9571,1445.58,209.44,32,187.0
324,326,C8H8,"1,3,5,7-CYCLOOCTATETRAENE",7.00669,1472.11,215.84,0,75.0
325,327,C8H10,ETHYLBENZENE,6.95719,1424.255,213.206,26,163.0
326,328,C8H10,M-XYLENE,7.00908,1462.266,215.105,28,166.0
327,329,C8H10,O-XYLENE,6.99891,1474.679,213.686,32,172.0
328,330,C8H10,P-XYLENE,6.99052,1453.43,215.307,27,166.0
329,331,C8H14,1-OCTYNE,7.02447,1413.8,215.0,25,170.0
330,332,C8H16,1-OCTENE,6.93263,1353.486,212.764,15,148.0
331,333,C8H16,CYCLOOCTANE,6.8619,1437.78,209.98,94,197.0
332,334,C8H16,PROPYLCYCLOPENTANE,6.90392,1384.386,213.159,21,158.0
333,335,C8H16,ETHYLCYCLOHEXANE,6.86728,1382.466,214.995,21,160.0
334,336,C8H16,"1,1-DIMETHYLCYCLOHEXANE",6.79821,1321.705,217.845,10,147.0
335,337,C8H16,"C-1,2-DIMETHYLCYCLOHEXANE",6.83746,1367.311,215.835,18,158.0
336,338,C8H16,"T-1,2-DIMETHYLCYCLOHEXANE",6.83308,1353.881,219.132,13,151.0
337,339,C8H16,"C-1,3-DIMETHYLCYCLOHEXANE",6.83883,1338.473,218.072,11,147.0
338,340,C8H16,"T-1,3-DIMETHYLCYCLOHEXANE",6.83455,1343.687,215.394,15,152.0
339,341,C8H16,"C-1,4-DIMETHYLCYCLOHEXANE",6.83287,1345.613,216.154,15,152.0
340,342,C8H16,"T-1,4-DIMETHYLCYCLOHEXANE",6.81773,1330.437,218.581,10,147.0
341,343,C8H16O,OCTANAL,12.51168,3977.531,244.532,73,169.0
342,344,C8H18,OCTANE,6.9094,1349.82,209.385,19,152.0
343,345,C8H18,2-METHYLHEPTANE,6.91735,1337.468,213.693,12,144.0
344,346,C8H18,3-METHYLHEPTANE,6.89944,1331.53,212.414,13,145.0
345,347,C8H18,4-METHYLHEPTANE,6.90065,1327.661,212.568,12,144.0
346,348,C8H18,3-ETHYLHEXANE,6.89098,1327.884,212.595,13,145.0
347,349,C8H18,"2,2-DIMETHYLHEXANE",6.83715,1273.594,215.072,3,133.0
348,350,C8H18,"2,3-DIMETHYLHEXANE",6.87004,1315.503,214.157,10,142.0
349,351,C8H18,"2,4-DIMETHYLHEXANE",6.85305,1287.876,214.79,5,135.0
350,352,C8H18,"2,5-DIMETHYLHEXANE",6.85984,1287.274,214.412,5,135.0
351,353,C8H18,"3,3-DIMETHYLHEXANE",6.85121,1307.882,217.439,6,138.0
352,354,C8H18,"3,4-DIMETHYLHEXANE",6.87986,1330.035,214.863,11,144.0
353,355,C8H18,3-ETHYL-2-METHYLPENTANE,6.86358,1318.12,215.306,9,142.0
354,356,C8H18,3-ETHYL-3-METHYLPENTANE,6.86731,1347.209,219.684,10,145.0
355,357,C8H18,"2,2,3-TRIMETHYLPENTANE",6.82546,1294.875,218.42,4,136.0
356,358,C8H18,"2,2,4-TRIMETHYLPENTANE",6.81189,1257.84,220.735,-4,125.0
357,359,C8H18,"2,3,3-TRIMETHYLPENTANE",6.84353,1328.046,220.375,7,142.0
358,360,C8H18,"2,3,4-TRIMETHYLPENTANE",6.85396,1315.084,217.526,7,140.0
359,361,C8H18,"2,2,3,3-TETRAMETHYLBUTANE",6.87665,1329.93,226.36,103,133.0
360,362,C8H18O,BUTYL-ETHER,6.9825,1431.5,207.01,32,182.0
361,363,C8H18O,SEC-BUTYL-ETHER,6.79153,1348.53,223.79,57,149.0
362,364,C8H18O,TERT-BUTYL-ETHER,6.93294,1348.533,223.79,4,109.0
363,365,C8H18O,1-OCTANOL,6.837,1310.62,136.06,70,195.0
364,366,C8H18S,BUTYL-SULFIDE,6.54589,1421.32,205.81,106,215.0
365,367,C8H18S,ETHYL-HEXYL-SULFIDE,6.42693,1421.32,205.81,115,231.0
366,368,C8H18S,HEPTYL-METHYL-SULFIDE,6.42693,1421.32,205.81,115,231.0
367,369,C8H18S,PENTYL-PROPYL-SULFIDE,6.42693,1421.32,205.81,115,231.0
368,370,C8H18S,1-OCTANETHIOL,6.96909,1593.0,190.61,76,229.0
369,371,C8H18S2,BUTYL-DISULFIDE,6.9638,1684.1,181.3,101,263.0
370,372,C9H10,ALPHA-METHYLSTYRENE,7.0924,1582.7,206.01,75,220.0
371,373,C9H10,"PROPENYLBENZENE,CIS",7.44961,1909.083,238.874,18,179.0
372,374,C9H10,"PROPENYLBENZENE,TRANS",7.54993,1909.08,238.87,105,197.0
373,375,C9H10,M-METHYLSTYRENE,6.87928,1471.44,200.0,72,250.0
374,376,C9H10,O-METHYLSTYRENE,6.88461,1485.41,200.0,75,255.0
375,377,C9H10,P-METHYLSTYRENE,7.0112,1535.1,200.7,68,170.0
376,378,C9H12,PROPYLBENZENE,6.95142,1491.297,207.14,43,188.0
377,379,C9H12,CUMENE,6.93666,1460.793,207.777,38,181.0
378,380,C9H12,M-ETHYLTOLUENE,7.01582,1529.184,208.509,46,190.0
379,381,C9H12,O-ETHYLTOLUENE,7.00314,1535.374,207.3,48,194.0
380,382,C9H12,P-ETHYLTOLUENE,6.99802,1527.113,208.921,46,191.0
381,383,C9H12,"1,2,3-TRIMETHYLBENZENE",7.04082,1593.958,207.078,57,205.0
382,384,C9H12,"1,2,4-TRIMETHYLBENZENE",7.04383,1573.267,208.564,52,198.0
383,385,C9H12,MESITYLENE,7.07436,1569.622,209.578,49,193.0
384,386,C9H16,1-NONYNE,6.7741,1404.7,210.0,50,223.0
385,387,C9H18,1-NONENE,6.95387,1435.359,205.535,36,174.0
386,388,C9H18,BUTYLCYCLOPENTANE,6.89935,1457.08,205.99,41,185.0
387,389,C9H18,PROPYLCYCLOHEXANE,6.88646,1460.8,207.939,40,186.0
388,390,C9H18,C-C-135TRIMETHYLCYCLOHEXANE,7.09743,1460.8,207.93,78,164.0
389,391,C9H18,C-T-135TRIMETHYLCYCLOHEXANE,7.07274,1460.8,207.93,80,166.0
390,392,C9H18O,NONANAL,7.81505,2036.854,227.486,33,185.0
391,393,C9H20,NONANE,6.9344,1429.46,201.82,39,179.0
392,394,C9H20,2-METHYLOCTANE,6.91191,1398.42,203.65,33,171.0
393,395,C9H20,3-METHYLOCTANE,6.9092,1405.8,204.76,33,172.0
394,396,C9H20,4-METHYLOCTANE,6.90318,1399.12,205.41,32,170.0
395,397,C9H20,3-ETHYLHEPTANE,6.90489,1406.5,206.5,32,171.0
396,398,C9H20,4-ETHYLHEPTANE,6.89898,1399.8,207.2,30,169.0
397,399,C9H20,"2,2-DIMETHYLHEPTANE",6.88174,1363.91,208.21,24,160.0
398,400,C9H20,"2,3-DIMETHYLHEPTANE",6.87635,1389.5,207.3,29,168.0
399,401,C9H20,"2,4-DIMETHYLHEPTANE",6.90252,1368.72,207.44,24,160.0
400,402,C9H20,"2,5-DIMETHYLHEPTANE",6.89317,1375.4,206.8,27,163.0
401,403,C9H20,"2,6-DIMETHYLHEPTANE",6.89385,1368.0,205.68,26,162.0
402,404,C9H20,"3,3-DIMETHYLHEPTANE",6.87553,1385.36,209.79,26,165.0
403,405,C9H20,"3,4-DIMETHYLHEPTANE",6.88359,1396.9,208.4,29,168.0
404,406,C9H20,"3,5-DIMETHYLHEPTANE",6.90164,1382.8,207.9,26,163.0
405,407,C9H20,"4,4-DIMETHYLHEPTANE",6.86968,1378.7,210.4,24,163.0
406,408,C9H20,3-ETHYL-2-METHYLHEXANE,6.8869,1390.2,209.0,27,166.0
407,409,C9H20,4-ETHYL-2-METHYLHEXANE,6.9003,1376.1,208.6,25,161.0
408,410,C9H20,3-ETHYL-3-METHYLHEXANE,6.87787,1406.8,211.4,28,169.0
409,411,C9H20,3-ETHYL-4-METHYLHEXANE,6.8943,1404.3,209.5,29,168.0
410,412,C9H20,"2,2,3-TRIMETHYLHEXANE",6.86574,1375.72,211.63,23,161.0
411,413,C9H20,"2,2,4-TRIMETHYLHEXANE",6.84922,1340.9,211.35,18,154.0
412,414,C9H20,"2,2,5-TRIMETHYLHEXANE",6.83531,1324.049,210.737,16,151.0
413,415,C9H20,"2,3,3-TRIMETHYLHEXANE",6.85417,1389.79,212.1,25,166.0
414,416,C9H20,"2,3,4-TRIMETHYLHEXANE",6.85274,1387.22,210.22,27,167.0
415,417,C9H20,"2,3,5-TRIMETHYLHEXANE",6.87078,1359.09,209.29,22,159.0
416,418,C9H20,"2,4,4-TRIMETHYLHEXANE",6.85163,1368.723,214.047,20,158.0
417,419,C9H20,"3,3,4-TRIMETHYLHEXANE",6.85761,1403.88,212.56,27,169.0
418,420,C9H20,"3,3-DIETHYLPENTANE",6.89262,1451.245,215.575,31,175.0
419,421,C9H20,"3-ETHYL-2,2-DIMETHYLPENTANE",6.87166,1383.13,212.75,23,162.0
420,422,C9H20,"3-ETHYL-2,3-DIMETHYLPENTANE",6.84463,1418.0,213.0,30,174.0
421,423,C9H20,"3-ETHYL-2,4-DIMETHYLPENTANE",6.85293,1380.54,210.87,25,165.0
422,424,C9H20,"2,2,3,3-TETRAMETHYLPENTANE",6.82876,1397.483,213.703,26,169.0
423,425,C9H20,"2,2,3,4-TETRAMETHYLPENTANE",6.83173,1374.042,214.762,21,161.0
424,426,C9H20,"2,2,4,4-TETRAMETHYLPENTANE",6.7971,1325.183,216.093,13,150.0
425,427,C9H20,"2,3,3,4-TETRAMETHYLPENTANE",6.85961,1417.473,214.705,27,170.0
426,428,C9H20O,1-NONANOL,6.6757,1276.63,123.06,90,214.0
427,429,C9H20S,BUTYL-PENTYL-SULFIDE,6.23448,1421.32,205.81,129,258.0
428,430,C9H20S,ETHYL-HEPTYL-SULFIDE,6.23448,1421.32,205.81,129,258.0
429,431,C9H20S,HEXYL-PROPYL-SULFIDE,6.23448,1421.32,205.81,129,258.0
430,432,C9H20S,METHYL-OCTYL-SULFIDE,6.23448,1421.32,205.81,129,258.0
431,433,C9H20S,1-NONANETHIOL,6.9839,1655.6,183.7,93,251.0
432,434,C10H8,NAPHTHALENE,7.01065,1733.71,201.859,87,250.0
433,435,C10H8,AZULENE,6.7868,1733.71,201.85,160,278.0
434,436,C10H14,BUTYLBENZENE,6.98317,1577.965,201.378,62,213.0
435,437,C10H14,M-DIETHYLBENZENE,7.0036,1575.31,200.96,61,211.0
436,438,C10H14,O-DIETHYLBENZENE,6.9878,1576.94,200.51,63,213.0
437,439,C10H14,P-DIETHYLBENZENE,6.9982,1588.31,201.97,63,214.0
438,440,C10H14,"1,2,3,4-TETRAMETHYLBENZENE",7.0594,1690.54,199.48,80,236.0
439,441,C10H14,"1,2,3,5-TETRAMETHYLBENZENE",7.0779,1675.43,201.14,75,228.0
440,442,C10H14,"1,2,4,5-TETRAMETHYLBENZENE",7.08,1672.43,201.43,74,227.0
441,443,C10H18,1-DECYNE,7.1087,1606.6,206.0,78,246.0
442,444,C10H18,"DECAHYDRONAPHTHALENE,CIS",6.87529,1594.46,203.392,68,228.0
443,445,C10H18,"DECAHYDRONAPHTHALENE,TRANS",6.85681,1564.683,206.259,61,219.0
444,446,C10H20,1-DECENE,6.96034,1501.872,197.578,54,199.0
445,447,C10H20,1-CYCLOPENTYLPENTANE,6.9414,1540.6,198.8,60,210.0
446,448,C10H20,BUTYLCYCLOHEXANE,6.9103,1538.518,200.833,59,211.0
447,449,C10H20O,DECANAL,8.20794,2378.316,237.905,52,209.0
448,450,C10H22,DECANE,6.96375,1508.75,195.374,58,203.0
449,451,C10H22,2-METHYLNONANE,6.93372,1472.73,196.38,52,196.0
450,452,C10H22,3-METHYLNONANE,6.92975,1479.1,197.5,52,197.0
451,453,C10H22,4-METHYLNONANE,6.92234,1471.0,198.3,50,194.0
452,454,C10H22,5-METHYLNONANE,6.91878,1468.4,198.5,50,194.0
453,455,C10H22,3-ETHYLOCTANE,6.91845,1477.4,199.4,50,195.0
454,456,C10H22,4-ETHYLOCTANE,6.90922,1466.68,200.44,48,192.0
455,457,C10H22,"2,2-DIMETHYLOCTANE",6.90617,1439.6,200.7,43,185.0
456,458,C10H22,"2,3-DIMETHYLOCTANE",6.89449,1462.22,200.0,48,193.0
457,459,C10H22,"2,4-DIMETHYLOCTANE",6.92146,1439.8,200.4,43,184.0
458,460,C10H22,"2,5-DIMETHYLOCTANE",6.90263,1442.5,200.2,44,187.0
459,461,C10H22,"2,6-DIMETHYLOCTANE",6.93331,1450.53,199.4,45,187.0
460,462,C10H22,"2,7-DIMETHYLOCTANE",6.91326,1444.19,198.27,46,188.0
461,463,C10H22,"3,3-DIMETHYLOCTANE",6.88895,1457.6,202.5,45,190.0
462,464,C10H22,"3,4-DIMETHYLOCTANE",6.89926,1465.9,201.4,47,192.0
463,465,C10H22,"3,5-DIMETHYLOCTANE",6.89758,1448.8,201.3,44,188.0
464,466,C10H22,"3,6-DIMETHYLOCTANE",6.91284,1456.9,200.5,46,189.0
465,467,C10H22,"4,4-DIMETHYLOCTANE",6.88891,1446.9,203.5,42,186.0
466,468,C10H22,"4,5-DIMETHYLOCTANE",6.89288,1460.52,201.9,46,191.0
467,469,C10H22,4-PROPYLHEPTANE,6.9471,1458.7,201.2,44,186.0
468,470,C10H22,4-ISOPROPYLHEPTANE,6.88757,1449.8,202.9,43,188.0
469,471,C10H22,3-ETHYL-2-METHYLHEPTANE,6.89294,1457.9,202.2,45,190.0
470,472,C10H22,4-ETHYL-2-METHYLHEPTANE,6.892,1438.2,202.3,42,185.0
471,473,C10H22,5-ETHYL-2-METHYLHEPTANE,6.89424,1448.8,201.3,44,188.0
472,474,C10H22,3-ETHYL-3-METHYLHEPTANE,6.88063,1472.9,204.5,46,193.0
473,475,C10H22,4-ETHYL-3-METHYLHEPTANE,6.88689,1464.2,203.3,45,191.0
474,476,C10H22,3-ETHYL-5-METHYLHEPTANE,6.91593,1455.2,202.4,44,187.0
475,477,C10H22,3-ETHYL-4-METHYLHEPTANE,6.88827,1466.8,203.0,46,192.0
476,478,C10H22,4-ETHYL-4-METHYLHEPTANE,6.88302,1464.9,205.2,44,190.0
477,479,C10H22,"2,2,3-TRIMETHYLHEPTANE",6.87507,1446.1,204.4,42,187.0
478,480,C10H22,"2,2,4-TRIMETHYLHEPTANE",6.87525,1409.4,204.5,35,177.0
479,481,C10H22,"2,2,5-TRIMETHYLHEPTANE",6.87855,1417.4,203.8,37,179.0
480,482,C10H22,"2,2,6-TRIMETHYLHEPTANE",6.89454,1411.09,202.63,37,177.0
481,483,C10H22,"2,3,3-TRIMETHYLHEPTANE",6.87202,1457.8,205.0,43,189.0
482,484,C10H22,"2,3,4-TRIMETHYLHEPTANE",6.87417,1451.7,203.6,44,189.0
483,485,C10H22,"2,3,5-TRIMETHYLHEPTANE",6.8399,1440.0,203.0,44,190.0
484,486,C10H22,"2,3,6-TRIMETHYLHEPTANE",6.88668,1433.7,201.9,42,184.0
485,487,C10H22,"2,4,4-TRIMETHYLHEPTANE",6.86062,1418.4,205.4,37,180.0
486,488,C10H22,"2,4,5-TRIMETHYLHEPTANE",6.87583,1437.3,203.3,41,185.0
487,489,C10H22,"2,4,6-TRIMETHYLHEPTANE",6.91395,1411.3,202.3,36,175.0
488,490,C10H22,"2,5,5-TRIMETHYLHEPTANE",6.88204,1429.09,204.36,39,181.0
489,491,C10H22,"3,3,4-TRIMETHYLHEPTANE",6.86861,1466.8,205.9,44,191.0
490,492,C10H22,"3,3,5-TRIMETHYLHEPTANE",6.85524,1435.43,205.49,40,185.0
491,493,C10H22,"3,4,4-TRIMETHYLHEPTANE",6.86721,1464.1,206.2,43,190.0
492,494,C10H22,"3,4,5-TRIMETHYLHEPTANE",6.87113,1463.4,204.2,45,192.0
493,495,C10H22,3-ISOPROPYL-2-METHYLHEXANE,6.76103,1441.0,204.7,45,197.0
494,496,C10H22,"3,3-DIETHYLHEXANE",6.88355,1490.9,206.2,47,196.0
495,497,C10H22,"3,4-DIETHYLHEXANE",6.88347,1473.2,204.2,46,193.0
496,498,C10H22,"3-ETHYL-2,2-DIMETHYLHEXANE",6.86594,1444.4,206.4,40,185.0
497,499,C10H22,"4-ETHYL-2,2-DIMETHYLHEXANE",6.89526,1416.0,206.0,34,175.0
498,500,C10H22,"3-ETHYL-2,3-DIMETHYLHEXANE",6.86128,1475.8,206.8,45,194.0
499,501,C10H22,"4-ETHYL-2,3-DIMETHYLHEXANE",6.86823,1458.0,204.7,44,190.0
500,502,C10H22,"3-ETHYL-2,4-DIMETHYLHEXANE",6.86682,1455.3,205.0,43,189.0
501,503,C10H22,"4-ETHYL-2,4-DIMETHYLHEXANE",6.86721,1464.1,206.2,43,190.0
502,504,C10H22,"3-ETHYL-2,5-DIMETHYLHEXANE",6.87155,1429.3,204.1,39,183.0
503,505,C10H22,"4-ETHYL-3,3-DIMETHYLHEXANE",6.86288,1473.1,207.0,44,193.0
504,506,C10H22,"3-ETHYL-3,4-DIMETHYLHEXANE",6.86148,1470.4,207.3,44,192.0
505,507,C10H22,"2,2,3,3-TETRAMETHYLHEXANE",6.84438,1464.03,209.06,41,190.0
506,508,C10H22,"2,2,3,4-TETRAMETHYLHEXANE",6.8241,1443.6,207.3,41,188.0
507,509,C10H22,"2,2,3,5-TETRAMETHYLHEXANE",6.87685,1417.6,206.3,35,177.0
508,510,C10H22,"2,2,4,4-TETRAMETHYLHEXANE",6.73151,1396.0,208.7,35,184.0
509,511,C10H22,"2,2,4,5-TETRAMETHYLHEXANE",6.83561,1400.55,206.26,34,176.0
510,512,C10H22,"2,2,5,5-TETRAMETHYLHEXANE",6.88124,1377.98,207.0,27,165.0
511,513,C10H22,"2,3,3,4-TETRAMETHYLHEXANE",6.84243,1474.94,207.72,45,195.0
512,514,C10H22,"2,3,3,5-TETRAMETHYLHEXANE",6.85043,1429.2,206.9,37,182.0
513,515,C10H22,"2,3,4,4-TETRAMETHYLHEXANE",6.8294,1457.9,207.6,42,191.0
514,516,C10H22,"2,3,4,5-TETRAMETHYLHEXANE",6.87156,1442.8,205.3,40,185.0
515,517,C10H22,"3,3,4,4-TETRAMETHYLHEXANE",6.81164,1492.7,209.7,47,201.0
516,518,C10H22,24DIMETHYL3ISOPROPYLPENTANE,6.82154,1432.15,206.38,40,186.0
517,519,C10H22,33-DIETHYL-2-METHYLPENTANE,6.85984,1501.8,207.7,49,200.0
518,520,C10H22,3ETHYL-223TRIMETHYLPENTANE,6.8071,1490.1,210.0,47,200.0
519,521,C10H22,3ETHYL-224TRIMETHYLPENTANE,6.83149,1435.6,208.1,38,185.0
520,522,C10H22,3ETHYL-234TRIMETHYLPENTANE,6.81616,1486.62,208.32,47,200.0
521,523,C10H22,22334-PENTAMETHYLPENTANE,6.79659,1474.89,210.6,44,197.0
522,524,C10H22,22344-PENTAMETHYLPENTANE,6.73273,1423.83,210.35,38,190.0
523,525,C10H22O,1-DECANOL,6.9224,1472.01,134.16,103,230.0
524,526,C10H22S,BUTYL-HEXYL-SULFIDE,6.06898,1421.32,205.81,143,285.0
525,527,C10H22S,ETHYL-OCTYL-SULFIDE,6.06898,1421.32,205.81,143,285.0
526,528,C10H22S,HEPTYL-PROPYL-SULFIDE,6.06898,1421.32,205.81,143,285.0
527,529,C10H22S,METHYL-NONYL-SULFIDE,6.06898,1421.32,205.81,143,285.0
528,530,C10H22S,PENTYL-SULFIDE,6.06898,1421.32,205.81,143,285.0
529,531,C10H22S,1-DECANETHIOL,6.9981,1713.6,177.0,109,271.0
530,532,C10H22S2,PENTYL-DISULFIDE,6.9581,1756.0,166.8,128,298.0
531,533,C11H10,1-METHYLNAPHTHALENE,7.03592,1826.948,195.002,108,278.0
532,534,C11H10,2-METHYLNAPHTHALENE,7.0685,1840.268,198.395,105,274.0
533,535,C11H16,PENTYLBENZENE,6.97833,1639.91,194.76,80,237.0
534,536,C11H16,PENTAMETHYLBENZENE,7.1376,1833.8,198.96,125,270.0
535,537,C11H20,1-UNDECYNE,7.13064,1687.2,202.0,80,267.0
536,538,C11H22,1-UNDECENE,6.96662,1562.469,189.743,72,222.0
537,539,C11H22,1-CYCLOPENTYLHEXANE,6.9548,1608.0,191.6,78,234.0
538,540,C11H22,PENTYLCYCLOHEXANE,6.94667,1619.11,194.51,78,235.0
539,541,C11H24,UNDECANE,6.9722,1569.57,187.7,75,226.0
540,542,C11H24O,UNDECYL-ALCOHOL,6.5271,1250.0,100.0,120,243.0
541,543,C11H24S,BUTYL-HEPTYL-SULFIDE,5.9321,1421.32,205.81,155,309.0
542,544,C11H24S,DECYL-METHYL-SULFIDE,5.9321,1421.32,205.81,155,309.0
543,545,C11H24S,ETHYL-NONYL-SULFIDE,5.9321,1421.32,205.81,155,309.0
544,546,C11H24S,OCTYL-PROPYL-SULFIDE,5.9321,1421.32,205.81,155,309.0
545,547,C11H24S,1-UNDECANETHIOL,7.0122,1767.4,170.4,124,290.0
546,548,C12H10,BIPHENYL,7.2454,1998.72,202.74,70,272.0
547,549,C12H12,1-ETHYLNAPHTHALENE,7.03159,1841.32,185.28,120,292.0
548,550,C12H12,2-ETHYLNAPHTHALENE,7.07566,1880.73,191.41,118,291.0
549,551,C12H12,"1,2-DIMETHYLNAPHTHALENE",7.00605,1805.31,171.37,129,269.0
550,552,C12H12,"1,3-DIMETHYLNAPHTHALENE",7.2698,2076.0,210.0,148,310.0
551,553,C12H12,"1,4-DIMETHYLNAPHTHALENE",7.2698,2076.0,210.0,148,310.0
552,554,C12H12,"1,5-DIMETHYLNAPHTHALENE",7.0493,1855.0,180.0,150,313.0
553,555,C12H12,"1,6-DIMETHYLNAPHTHALENE",7.2698,2076.0,210.0,148,310.0
554,556,C12H12,"1,7-DIMETHYLNAPHTHALENE",7.0564,1879.0,180.0,150,320.0
555,557,C12H12,"2,3-DIMETHYLNAPHTHALENE",7.0527,1869.0,180.0,155,315.0
556,558,C12H12,"2,6-DIMETHYLNAPHTHALENE",7.046,1841.0,180.0,150,310.0
557,559,C12H12,"2,7-DIMETHYLNAPHTHALENE",7.0478,1846.0,180.0,150,310.0
558,560,C12H18,HEXYLBENZENE,6.9853,1700.5,188.2,96,258.0
559,561,C12H18,"1,2,3-TRIETHYLBENZENE",7.58877,2133.55,235.68,146,247.0
560,562,C12H18,"1,2,4-TRIETHYLBENZENE",7.57869,2133.558,235.681,46,218.0
561,563,C12H18,"1,3,5-TRIETHYLBENZENE",7.6044,2133.55,235.68,145,246.0
562,564,C12H18,HEXAMETHYLBENZENE,7.15544,2133.55,235.68,178,300.0
563,565,C12H22,1-DODECYNE,7.16929,1771.1,198.0,113,288.0
564,566,C12H24,1-DODECENE,6.97522,1619.862,182.271,89,244.0
565,567,C12H24,1-CYCLOPENTYLHEPTANE,6.9743,1672.2,184.4,95,256.0
566,568,C12H24,1-CYCLOHEXYLHEXANE,6.9555,1681.0,187.8,94,257.0
567,569,C12H26,DODECANE,6.99795,1639.27,181.835,91,247.0
568,570,C12H26O,DODECYL-ALCOHOL,7.53986,2003.29,168.13,138,214.0
569,571,C12H26S,BUTYL-OCTYL-SULFIDE,6.629,1408.0,116.06,134,307.0
570,572,C12H26S,DECYL-ETHYL-SULFIDE,5.81251,1421.32,205.81,166,333.0
571,573,C12H26S,HEXYL-SULFIDE,5.81251,1421.32,205.81,166,333.0
572,574,C12H26S,METHYL-UNDECYL-SULFIDE,5.81251,1421.32,205.81,166,333.0
573,575,C12H26S,NONYL-PROPYL-SULFIDE,5.81251,1421.32,205.81,166,333.0
574,576,C12H26S,1-DODECANETHIOL,7.0244,1817.8,164.1,138,308.0
575,577,C12H26S2,HEXYL-DISULFIDE,6.9632,1824.9,153.5,153,328.0
576,578,C13H14,1-PROPYLNAPHTHALENE,7.0594,1890.8,180.0,155,335.0
577,579,C13H14,2-PROPYLNAPHTHALENE,7.0605,1895.5,180.0,160,335.0
578,580,C13H14,2ETHYL-3-METHYLNAPHTHALENE,7.02851,1895.5,180.0,196,312.0
579,581,C13H14,2ETHYL-6-METHYLNAPHTHALENE,7.09303,1895.5,180.0,192,303.0
580,582,C13H14,2ETHYL-7-METHYLNAPHTHALENE,7.09303,1895.5,180.0,192,303.0
581,583,C13H20,1-PHENYLHEPTANE,7.0006,1761.2,181.5,112,279.0
582,584,C13H24,1-TRIDECYNE,7.15674,1834.4,195.0,120,308.0
583,585,C13H26,1-TRIDECENE,6.98563,1674.741,175.214,105,264.0
584,586,C13H26,1-CYCLOPENTYLOCTANE,6.9896,1729.8,177.3,112,276.0
585,587,C13H26,1-CYCLOHEXYLHEPTANE,6.9743,1743.0,180.9,111,278.0
586,588,C13H28,TRIDECANE,7.00756,1690.67,174.22,107,267.0
587,589,C13H28O,1-TRIDECANOL,7.41181,2003.29,168.13,202,304.0
588,590,C13H28S,BUTYL-NONYL-SULFIDE,5.70756,1421.32,205.81,177,355.0
589,591,C13H28S,DECYL-PROPYL-SULFIDE,5.70756,1421.32,205.81,177,355.0
590,592,C13H28S,DODECYL-METHYL-SULFIDE,5.70756,1421.32,205.81,177,355.0
591,593,C13H28S,ETHYL-UNDECYL-SULFIDE,5.70756,1421.32,205.81,177,355.0
592,594,C13H28S,1-TRIDECANETHIOL,7.037,1864.9,157.9,151,325.0
593,595,C14H16,1-BUTYLNAPHTHALENE,4.9631,656.8,26.0,139,292.0
594,596,C14H16,2-BUTYLNAPHTHALENE,6.6117,1591.4,138.5,145,291.0
595,597,C14H22,1-PHENYLOCTANE,7.0086,1812.2,174.6,127,298.0
596,598,C14H22,"1,2,3,4-TETRAETHYLBENZENE",7.65632,2312.864,236.261,66,248.0
597,599,C14H22,"1,2,3,5-TETRAETHYLBENZENE",7.63235,2312.86,236.26,174,282.0
598,600,C14H22,"1,2,4,5-TETRAETHYLBENZENE",7.63723,2312.86,236.26,174,282.0
599,601,C14H26,1-TETRADECYNE,7.23227,1927.7,191.0,145,326.0
600,602,C14H28,1-TETRADECENE,7.02005,1745.001,170.475,119,283.0
601,603,C14H28,1-CYCLOPENTYLNONANE,6.996,1779.0,170.2,126,296.0
602,604,C14H28,1-CYCLOHEXYLOCTANE,6.9897,1799.3,174.3,126,298.0
603,605,C14H30,TETRADECANE,7.013,1740.88,167.72,122,286.0
604,606,C14H30O,1-TETRADECANOL,6.6741,1204.5,54.0,130,264.0
605,607,C14H30S,BUTYL-DECYL-SULFIDE,5.61512,1421.32,205.81,187,376.0
606,608,C14H30S,DODECYL-ETHYL-SULFIDE,5.61512,1421.32,205.81,187,376.0
607,609,C14H30S,HEPTYL-SULFIDE,5.61512,1421.32,205.81,187,376.0
608,610,C14H30S,METHYL-TRIDECYL-SULFIDE,5.61512,1421.32,205.81,187,376.0
609,611,C14H30S,PROPYL-UNDECYL-SULFIDE,5.61512,1421.32,205.81,187,376.0
610,612,C14H30S,1-TETRADECANETHIOL,7.0485,1909.2,151.9,164,341.0
611,613,C14H30S2,HEPTYL-DISULFIDE,6.9602,1878.6,139.8,175,357.0
612,614,C15H18,1-PENTYLNAPHTHALENE,7.0743,2000.0,170.0,185,360.0
613,615,C15H18,2-PENTYLNAPHTHALENE,7.06,2005.9,170.0,190,370.0
614,616,C15H24,1-PHENYLNONANE,7.0245,1862.6,167.5,142,316.0
615,617,C15H28,1-PENTADECYNE,7.20553,1972.07,188.0,140,349.0
616,618,C15H30,1-PENTADECENE,7.01555,1781.974,162.582,134,302.0
617,619,C15H30,1-CYCLOPENTYLDECANE,7.00349,1825.748,163.479,141,314.0
618,620,C15H30,1-CYCLOHEXYLNONANE,7.0006,1850.2,167.6,141,316.0
619,621,C15H32,PENTADECANE,7.02359,1789.95,161.38,136,304.0
620,622,C15H32O,1-PENTADECANOL,6.23737,1204.5,54.0,230,339.0
621,623,C15H32S,BUTYL-UNDECYL-SULFIDE,5.53347,1421.32,205.81,196,397.0
622,624,C15H32S,DODECYL-PROPYL-SULFIDE,5.53347,1421.32,205.81,196,397.0
623,625,C15H32S,ETHYL-TRIDECYL-SULFIDE,5.53347,1421.32,205.81,196,397.0
624,626,C15H32S,METHYL-TETRADECYL-SULFIDE,5.53347,1421.32,205.81,196,397.0
625,627,C15H32S,1-PENTADECANETHIOL,7.0612,1951.0,146.0,176,356.0
626,628,C16H26,1-PHENYLDECANE,7.03642,1904.132,160.318,155,333.0
627,629,C16H26,PENTAETHYLBENZENE,8.29495,2972.77,272.052,86,277.0
628,630,C16H30,1-HEXADECYNE,7.47511,2154.7,185.0,172,367.0
629,631,C16H32,1-HEXADECENE,7.04437,1843.581,157.917,147,319.0
630,632,C16H32,1-CYCLOPENTYLUNDECANE,7.02,1869.2,156.0,154,330.0
631,633,C16H32,1-CYCLOHEXYLDECANE,7.01852,1899.242,161.348,154,333.0
632,634,C16H34,HEXADECANE,7.02867,1830.51,154.45,149,321.0
633,635,C16H34O,1-HEXADECANOL,6.1586,1380.0,91.0,145,190.0
634,636,C16H34S,BUTYL-DODECYL-SULFIDE,5.46123,1421.32,205.81,204,416.0
635,637,C16H34S,ETHYL-TETRADECYL-SULFIDE,5.46123,1421.32,205.81,204,416.0
636,638,C16H34S,METHYL-PENTADECYL-SULFIDE,5.46123,1421.32,205.81,204,416.0
637,639,C16H34S,OCTYL-SULFIDE,5.46123,1421.32,205.81,204,416.0
638,640,C16H34S,PROPYL-TRIDECYL-SULFIDE,5.46123,1421.32,205.81,204,416.0
639,641,C16H34S,1-HEXADECANETHIOL,7.075,1990.0,140.0,188,370.0
640,642,C16H34S2,OCTYL-DISULFIDE,6.9579,1935.6,129.0,196,383.0
641,643,C17H28,1-PHENYLUNDECANE,7.0509,1944.1,153.0,168,349.0
642,644,C17H32,1-HEPTADECYNE,7.48829,2216.2,182.0,184,384.0
643,645,C17H34,1-HEPTADECENE,7.03925,1877.91,151.53,159,335.0
644,646,C17H34,1-CYCLOPENTYLDODECANE,7.0319,1909.1,149.0,168,346.0
645,647,C17H34,1-CYCLOHEXYLUNDECANE,7.029,1939.7,154.5,167,349.0
646,648,C17H36,HEPTADECANE,7.0143,1865.1,149.2,161,337.0
647,649,C17H36O,1-HEPTADECANOL,6.782,1595.0,85.06,191,383.0
648,650,C17H36S,BUTYL-TRIDECYL-SULFIDE,5.39727,1421.32,205.81,212,434.0
649,651,C17H36S,ETHYL-PENTADECYL-SULFIDE,5.39727,1421.32,205.81,212,434.0
650,652,C17H36S,HEXADECYL-METHYL-SULFIDE,5.39727,1421.32,205.81,212,434.0
651,653,C17H36S,PROPYL-TETRADECYL-SULFIDE,5.39727,1421.32,205.81,212,434.0
652,654,C17H36S,1-HEPTADECANETHIOL,7.081,2027.0,135.0,198,384.0
653,655,C18H30,1-PHENYLDODECANE,7.0693,1981.6,145.5,181,363.0
654,656,C18H30,HEXAETHYLBENZENE,7.50288,2360.733,212.652,134,298.0
655,657,C18H34,1-OCTADECYNE,7.50787,2281.1,180.0,196,400.0
656,658,C18H36,1-OCTADECENE,7.04518,1917.9,145.9,171,350.0
657,659,C18H36,1-CYCOPENTYLTRIDECANE,7.0473,1947.0,141.9,180,361.0
658,660,C18H36,1-CYCLOHEXYLDODECANE,7.0362,1976.7,148.0,179,364.0
659,661,C18H38,OCTADECANE,7.0022,1894.3,143.3,172,352.0
660,662,C18H38O,1-OCTADECANOL,6.814,1632.0,80.06,201,385.0
661,663,C18H38S,BUTYL-TETRADECYL-SULFIDE,5.3364,1421.32,205.81,220,452.0
662,664,C18H38S,ETHYL-HEXADECYL-SULFIDE,5.3364,1421.32,205.81,220,452.0
663,665,C18H38S,HEPTADECYL-METHYL-SULFIDE,5.3364,1421.32,205.81,220,452.0
664,666,C18H38S,NONYL-SULFIDE,5.3364,1421.32,205.81,220,452.0
665,667,C18H38S,PENTADECYL-PROPYL-SULFIDE,5.3364,1421.32,205.81,220,452.0
666,668,C18H38S,1-OCTADECANETHIOL,7.096,2061.0,129.0,209,397.0
667,669,C18H38S2,NONYL-DISULFIDE,6.9605,1981.5,117.0,215,407.0
668,670,C19H32,1-PHENYLTRIDECANE,7.0843,2013.9,137.9,193,377.0
669,671,C19H36,1-NONADECYNE,7.51711,2336.7,177.0,208,416.0
670,672,C19H38,1-NONADECENE,7.0571,1961.6,141.2,183,364.0
671,673,C19H38,1-CYCLOPENTYLTETRADECANE,7.063,1982.0,135.0,192,375.0
672,674,C19H38,1-CYCLOHEXYLTRIDECANE,7.0469,2012.2,141.5,191,378.0
673,675,C19H40,NONADECANE,7.0153,1932.8,137.6,184,366.0
674,676,C19H40O,1-NONADECANOL,6.60769,1632.0,80.06,274,395.0
675,677,C19H40S,BUTYL-PENTADECYL-SULFIDE,5.28246,1421.32,205.81,227,468.0
676,678,C19H40S,ETHYL-HEPTADECYL-SULFIDE,5.28246,1421.32,205.81,227,468.0
677,679,C19H40S,HEXADECYL-PROPYL-SULFIDE,5.28246,1421.32,205.81,227,468.0
678,680,C19H40S,METHYL-OCTADECYL-SULFIDE,5.28246,1421.32,205.81,227,468.0
679,681,C19H40S,1-NONADECANETHIOL,7.105,2094.0,124.0,219,409.0
680,682,C20H34,1-PHENYLTETRADECANE,7.101,2042.0,130.0,205,390.0
681,683,C20H38,1-EICOSYNE,7.52336,2386.3,174.0,219,431.0
682,684,C20H40,1-EICOSENE,7.0577,1995.3,136.0,193,378.0
683,685,C20H40,1-CYCLOPENTYLPENTADECANE,7.083,2016.0,128.0,203,388.0
684,686,C20H40,1-CYCLOHEXYLTETRADECANE,7.061,2046.0,135.0,203,392.0
685,687,C20H42,EICOSANE,7.1522,2032.7,132.1,198,379.0
686,688,C20H42O,1-EICOSANOL,6.872,1699.0,70.06,219,406.0
687,689,C20H42S,BUTYL-HEXADECYL-SULFIDE,5.23473,1421.32,205.81,233,484.0
688,690,C20H42S,DECYL-SULFIDE,5.23473,1421.32,205.81,233,484.0
689,691,C20H42S,ETHYL-OCTADECYL-SULFIDE,5.23473,1421.32,205.81,233,484.0
690,692,C20H42S,HEPTADECYL-PROPYL-SULFIDE,5.23473,1421.32,205.81,233,484.0
691,693,C20H42S,METHYL-NONADECYL-SULFIDE,5.23473,1421.32,205.81,233,484.0
692,694,C20H42S,1-EICOSANETHIOL,7.114,2125.0,119.0,229,421.0
693,695,C20H42S2,DECYL-DISULFIDE,6.972,2019.0,103.1,235,429.0
694,696,C21H36,1-PHENYLPENTADECANE,7.114,2067.0,122.0,216,403.0
695,697,C21H42,1-CYCLOPENTYLHEXADECANE,7.103,2048.0,121.0,215,401.0
696,698,C21H42,1-CYCLOHEXYLPENTADECANE,7.072,2078.0,129.0,213,404.0
697,699,C22H38,1-PHENYLHEXADECANE,7.14,2095.0,114.0,227,415.0
698,700,C22H44,1-CYCLOHEXYLHEXADECANE,7.074,2099.0,122.0,224,416.0
